<?xml version="1.0" encoding="UTF-8"?>
<project-private xmlns="http://www.netbeans.org/ns/project-private/1">
    <editor-bookmarks xmlns="http://www.netbeans.org/ns/editor-bookmarks/2" lastBookmarkId="0"/>
    <open-files xmlns="http://www.netbeans.org/ns/projectui-open-files/2">
        <group>
            <file>file:/C:/Users/Werner/Documents/NetBeansProjects/parcialJunio/src/parcialjunio/Reserva.java</file>
            <file>file:/C:/Users/Werner/Documents/NetBeansProjects/parcialJunio/src/parcialjunio/Persona.java</file>
            <file>file:/C:/Users/Werner/Documents/NetBeansProjects/parcialJunio/src/parcialjunio/Vendedor.java</file>
            <file>file:/C:/Users/Werner/Documents/NetBeansProjects/parcialJunio/src/parcialjunio/Administrador.java</file>
            <file>file:/C:/Users/Werner/Documents/NetBeansProjects/parcialJunio/src/parcialjunio/Sistema.java</file>
            <file>file:/C:/Users/Werner/Documents/NetBeansProjects/parcialJunio/src/parcialjunio/Cliente.java</file>
            <file>file:/C:/Users/Werner/Documents/NetBeansProjects/parcialJunio/src/parcialjunio/DetalleReserva.java</file>
        </group>
    </open-files>
</project-private>
